<?xml version="1.0"?>
<!DOCTYPE mycat:schema SYSTEM "schema.dtd">
<mycat:schema xmlns:mycat="http://io.mycat/">

	<schema name="TESTDB" checkSQLschema="true" sqlMaxLimit="100">
	
		 <table name="tb_spider_data_detail" subTables="tb_spider_data_detail_$201712,tb_spider_data_detail_$201801,tb_spider_data_detail_$201802,tb_spider_data_detail_$201803,tb_spider_data_detail_$201804,tb_spider_data_detail_$201805"   dataNode="dn1"  rule="sharding-by-month"/>		 		 
		 <table name="tb_schedule" primaryKey="id" dataNode="dn1"  />
		 <table name="tb_task_search_word" primaryKey="id" dataNode="dn1"  />
		 <table name="tb_word" primaryKey="id" dataNode="dn1"  />
		<table name="tb_store" primaryKey="storeid" dataNode="dn1"  />
		
		<!--
		<table name="tb_spider_data_detail_test" primaryKey="detail_id" subTables="tb_spider_data_detail_test_$0-20" dataNode="dn1" rule="sharding-by-substring" />
		-->
		<!-- <table name="oc_call" primaryKey="ID" dataNode="dn1$0-743" rule="latest-month-calldate"
			/> -->
	</schema>
	<!-- <dataNode name="dn1$0-743" dataHost="localhost1" database="db$0-743"
		/> -->
	<dataNode name="dn1" dataHost="localhost1" database="spider2" />
	
	<!--<dataNode name="dn4" dataHost="sequoiadb1" database="SAMPLE" />
	 <dataNode name="jdbc_dn1" dataHost="jdbchost" database="db1" />
	<dataNode	name="jdbc_dn2" dataHost="jdbchost" database="db2" />
	<dataNode name="jdbc_dn3" 	dataHost="jdbchost" database="db3" /> -->
	<dataHost name="localhost1" maxCon="1000" minCon="10" balance="0"
			  writeType="0" dbType="mysql" dbDriver="native" switchType="1"  slaveThreshold="100">
		<heartbeat>select user()</heartbeat>
		<!-- can have multi write hosts -->
		<writeHost host="hostM1" url="115.236.69.106:3306" user="spider2"
				   password="spider2">
			<!-- can have multi read hosts -->
				<!--<readHost host="hostS2" url="192.168.1.200:3306" user="root" password="xxx" />-->
		</writeHost>
		<!--<writeHost host="hostS1" url="localhost:3316" user="root"
				   password="123456" />-->
		<!-- <writeHost host="hostM2" url="localhost:3316" user="root" password="123456"/> -->
	</dataHost>
	
	<!--
		<dataHost name="sequoiadb1" maxCon="1000" minCon="1" balance="0" dbType="sequoiadb" dbDriver="jdbc">
		<heartbeat> 		</heartbeat>
		 <writeHost host="hostM1" url="sequoiadb://1426587161.dbaas.sequoialab.net:11920/SAMPLE" user="jifeng" 	password="jifeng"></writeHost>
		 </dataHost>

	  <dataHost name="oracle1" maxCon="1000" minCon="1" balance="0" writeType="0" 	dbType="oracle" dbDriver="jdbc"> <heartbeat>select 1 from dual</heartbeat>
		<connectionInitSql>alter session set nls_date_format='yyyy-mm-dd hh24:mi:ss'</connectionInitSql>
		<writeHost host="hostM1" url="jdbc:oracle:thin:@127.0.0.1:1521:nange" user="base" 	password="123456" > </writeHost> </dataHost>

		<dataHost name="jdbchost" maxCon="1000" 	minCon="1" balance="0" writeType="0" dbType="mongodb" dbDriver="jdbc">
		<heartbeat>select 	user()</heartbeat>
		<writeHost host="hostM" url="mongodb://192.168.0.99/test" user="admin" password="123456" ></writeHost> </dataHost>

		<dataHost name="sparksql" maxCon="1000" minCon="1" balance="0" dbType="spark" dbDriver="jdbc">
		<heartbeat> </heartbeat>
		 <writeHost host="hostM1" url="jdbc:hive2://feng01:10000" user="jifeng" 	password="jifeng"></writeHost> </dataHost> -->

	<!-- <dataHost name="jdbchost" maxCon="1000" minCon="10" balance="0" dbType="mysql"
		dbDriver="jdbc"> <heartbeat>select user()</heartbeat> <writeHost host="hostM1"
		url="jdbc:mysql://localhost:3306" user="root" password="123456"> </writeHost>
		</dataHost> -->
</mycat:schema>