<?xml version="1.0" encoding="UTF-8"?>
<!-- - - Licensed under the Apache License, Version 2.0 (the "License"); 
	- you may not use this file except in compliance with the License. - You 
	may obtain a copy of the License at - - http://www.apache.org/licenses/LICENSE-2.0 
	- - Unless required by applicable law or agreed to in writing, software - 
	distributed under the License is distributed on an "AS IS" BASIS, - WITHOUT 
	WARRANTIES OR CONDITIONS OF ANY KIND, either express or implied. - See the 
	License for the specific language governing permissions and - limitations 
	under the License. -->
<!DOCTYPE mycat:server SYSTEM "server.dtd">
<mycat:server xmlns:mycat="http://io.mycat/">
	<system>
	<property name="defaultSqlParser">druidparser</property> <!-- 新加调整-->
	<property name="useSqlStat">0</property>  <!-- 1为开启实时统计、0为关闭 -->
	<property name="useGlobleTableCheck">0</property>  <!-- 1为开启全加班一致性检测、0为关闭 -->

	<property name="sequnceHandlerType">1</property> <!-- 本地文件方式 -->
		<!-- <property name="sequnceHandlerType">1</property> --> <!-- 数据库方式生成 -->
      <!--  <property name="useCompression">1</property>--> <!--1为开启mysql压缩协议-->
        <!--  <property name="fakeMySQLVersion">5.6.20</property>--> <!--设置模拟的MySQL版本号-->
	<!-- <property name="processorBufferChunk">40960</property> -->
	<!-- 
	<property name="processors">1</property> 
	<property name="processorExecutor">32</property> 
	 -->
		<!--默认为type 0: DirectByteBufferPool | type 1 ByteBufferArena-->
		<property name="processorBufferPoolType">0</property>
		<!--默认是65535 64K 用于sql解析时最大文本长度 -->
		<!--<property name="maxStringLiteralLength">65535</property>-->
		<!--<property name="sequnceHandlerType">0</property>-->
		<!--<property name="backSocketNoDelay">1</property>-->
		<!--<property name="frontSocketNoDelay">1</property>-->
		<!--<property name="processorExecutor">16</property>-->
		<!--
			<property name="serverPort">8066</property> <property name="managerPort">9066</property> 
			<property name="idleTimeout">300000</property> <property name="bindIp">0.0.0.0</property> 
			<property name="frontWriteQueueSize">4096</property> <property name="processors">32</property> -->
		<!--分布式事务开关，0为不过滤分布式事务，1为过滤分布式事务（如果分布式事务内只涉及全局表，则不过滤），2为不过滤分布式事务,但是记录分布式事务日志-->
		<!-- 默认为结果集返回太多的某个阈值-->
		<property name="frontWriteQueueSize">4096</property>  
		
		<property name="handleDistributedTransactions">0</property>
		
			<!--
			off heap for merge/order/group/limit      1开启   0关闭
		-->
		<property name="useOffHeapForMerge">1</property>

		<!--
			单位为m
		-->
		<property name="memoryPageSize">1m</property>

		<!--
			单位为k
		-->
		<property name="spillsFileBufferSize">1k</property>

		<property name="useStreamOutput">0</property>

		<!--
			单位为m
		-->
		<property name="systemReserveMemorySize">384m</property>


		<!--是否采用zookeeper协调切换  -->
		<property name="useZKSwitch">false</property>
		
		<property name="idleTimeout">86400000</property>
		<!-- 指定连接的空闲超时时间。某连接在发起空闲检查下，发现距离上次使用超过了空闲时间，那么这个连接会被回收，就是被直接的关闭掉。默认 30 分钟，单位毫秒-->
		
		<!-- SQL 执行超时的时间，Mycat 会检查连接上最后一次执行 SQL 的时间，若超过这个时间则会直接关闭这连接。默认时间为 300 秒，单位秒-->
		<property name="sqlExecuteTimeout">86400</property>
		
		<!-- 清理 NIOProcessor 上前后端空闲、超时和关闭连接的间隔时间。默认是 1 秒，单位毫秒 -->
		<property name="processorCheckPeriod">1000</property>
		
		<!-- 对后端连接进行空闲、超时检查的时间间隔，默认是 300 秒，单位毫秒-->
		<property name="dataNodeIdleCheckPeriod">300000</property>
		
		<!-- 对后端所有读、写库发起心跳的间隔时间，默认是 10 秒，单位毫秒-->
		<property name="dataNodeHeartbeatPeriod">10000</property>
		
		<property name="charset">utf8mb4</property>
		
	</system>
	
	<!-- 全局SQL防火墙设置 -->
	<!-- 
	<firewall> 
	   <whitehost>
	      <host host="127.0.0.1" user="mycat"/>
	      <host host="127.0.0.2" user="mycat"/>
	   </whitehost>
       <blacklist check="false">
       </blacklist>
	</firewall>
	-->
	
	<user name="root">
		<property name="password">root123</property>
		<property name="schemas">TESTDB</property>
		
		<!-- 表级 DML 权限设置 -->
		<!-- 		
		<privileges check="false">
			<schema name="TESTDB" dml="0110" >
				<table name="tb01" dml="0000"></table>
				<table name="tb02" dml="1111"></table>
			</schema>
		</privileges>		
		 -->
	</user>

	<user name="tsou">
		<property name="password">123456</property>
		<property name="schemas">TESTDB</property>
		<property name="readOnly">true</property>
	</user>

</mycat:server>
